City_ID,City,Country,Date,Lat,Lng,Max Temp,Humidity,Cloudiness,Wind Speed
0,Hermanus,ZA,2022-05-07 20:23:58,-34.4187,19.2345,55.8,79,38,4.16
1,Kapaa,US,2022-05-07 20:23:00,22.0752,-159.319,80.58,83,100,19.57
2,Kaitangata,NZ,2022-05-07 20:23:59,-46.2817,169.8464,54.19,92,100,1.1
3,Rikitea,PF,2022-05-07 20:24:00,-23.1203,-134.9692,77.36,83,70,12.5
4,Port Alfred,ZA,2022-05-07 20:24:00,-33.5906,26.891,64.18,80,100,4.0
5,Bredasdorp,ZA,2022-05-07 20:24:01,-34.5322,20.0403,54.93,89,40,1.74
6,Albany,US,2022-05-07 20:24:01,42.6001,-73.9662,59.43,33,100,1.01
7,Bastia,FR,2022-05-07 20:24:01,42.6667,9.3333,64.29,71,100,9.22
8,Arlit,NE,2022-05-07 20:24:02,18.7369,7.3853,95.52,12,100,8.12
9,Puerto Ayora,EC,2022-05-07 20:24:03,-0.7393,-90.3518,78.76,79,40,9.91
10,Atbasar,KZ,2022-05-07 20:24:03,51.8,68.3333,42.1,39,0,8.12
11,Izola,SI,2022-05-07 20:24:04,45.5369,13.6619,64.35,78,75,1.14
12,Sabang,ID,2022-05-07 20:24:04,5.8933,95.3214,81.46,80,100,9.89
13,Faanui,PF,2022-05-07 20:24:05,-16.4833,-151.75,81.37,76,0,7.47
14,Thompson,CA,2022-05-07 20:24:05,55.7435,-97.8558,69.96,43,75,10.36
15,Diego De Almagro,CL,2022-05-07 20:24:06,-26.3667,-70.05,67.78,40,100,10.78
16,Arraial Do Cabo,BR,2022-05-07 20:23:59,-22.9661,-42.0278,75.16,83,40,9.22
17,Punta Arenas,CL,2022-05-07 20:24:06,-53.15,-70.9167,50.11,66,20,31.07
18,Dunedin,NZ,2022-05-07 20:24:07,-45.8742,170.5036,61.81,57,100,3.94
19,Benito Juarez,MX,2022-05-07 20:24:07,19.385,-99.165,84.02,18,20,5.75
20,Jamestown,US,2022-05-07 20:24:08,42.097,-79.2353,66.52,40,0,8.05
21,Yellowknife,CA,2022-05-07 20:24:09,62.456,-114.3525,37.92,93,100,28.77
22,Ombessa,CM,2022-05-07 20:24:09,4.603,11.2565,72.79,96,100,5.03
23,Rocha,UY,2022-05-07 20:21:27,-34.4833,-54.3333,67.26,70,100,1.54
24,Saskylakh,RU,2022-05-07 20:24:10,71.9167,114.0833,0.16,98,18,7.2
25,Bethel,US,2022-05-07 20:24:10,41.3712,-73.414,52.65,62,100,16.11
26,Butembo,CD,2022-05-07 20:24:11,0.15,29.2833,58.14,91,97,3.27
27,Chuy,UY,2022-05-07 20:24:11,-33.6971,-53.4616,66.29,69,51,3.69
28,San Quintin,MX,2022-05-07 20:24:12,30.4833,-115.95,66.2,69,8,11.74
29,Ushuaia,AR,2022-05-07 20:20:04,-54.8,-68.3,49.66,53,20,21.85
30,Upernavik,GL,2022-05-07 20:24:13,72.7868,-56.1549,18.27,78,9,6.96
31,Silchar,IN,2022-05-07 20:24:13,24.8167,92.8,74.64,86,4,2.71
32,Sioux Lookout,CA,2022-05-07 20:24:14,50.1001,-91.917,68.07,28,75,13.8
33,Shalya,RU,2022-05-07 20:24:15,57.2471,58.7298,39.51,88,10,5.99
34,New Norfolk,AU,2022-05-07 20:24:15,-42.7826,147.0587,51.3,71,91,3.11
35,Samfya,ZM,2022-05-07 20:24:16,-11.3649,29.5565,70.79,63,100,7.81
36,Dekar,BW,2022-05-07 20:24:16,-21.5333,21.9333,66.67,27,10,7.34
37,Mataura,NZ,2022-05-07 20:24:17,-46.1927,168.8643,57.47,98,100,3.29
38,Cape Town,ZA,2022-05-07 20:20:03,-33.9258,18.4232,57.9,80,6,11.99
39,Cabo San Lucas,MX,2022-05-07 20:19:52,22.8909,-109.9124,88.9,25,0,11.5
40,Aklavik,CA,2022-05-07 20:24:18,68.2191,-135.0107,41.0,60,0,10.36
41,Lorengau,PG,2022-05-07 20:24:18,-2.0226,147.2712,82.18,82,66,13.06
42,Port Hedland,AU,2022-05-07 20:24:19,-20.3167,118.5667,69.85,52,28,9.22
43,Asau,RO,2022-05-07 20:24:19,46.4333,26.4,51.28,69,95,1.34
44,Victoria,HK,2022-05-07 20:20:04,22.2855,114.1577,76.32,75,100,4.0
45,Sabirabad,AZ,2022-05-07 20:25:20,40.0095,48.4752,58.64,77,100,8.43
46,Port Keats,AU,2022-05-07 20:25:21,-14.25,129.55,72.36,36,0,12.59
47,Busselton,AU,2022-05-07 20:25:21,-33.65,115.3333,59.9,65,84,3.13
48,Carnarvon,AU,2022-05-07 20:25:22,-24.8667,113.6333,64.47,82,77,5.75
49,Tuktoyaktuk,CA,2022-05-07 20:25:22,69.4541,-133.0374,33.8,80,75,14.97
50,Tottori,JP,2022-05-07 20:25:23,35.5,134.2333,51.94,78,27,5.7
51,Lagunas,PE,2022-05-07 20:25:23,-5.2269,-75.6753,86.81,61,52,3.76
52,San Cristobal,VE,2022-05-07 20:25:24,7.7669,-72.225,77.18,73,83,5.75
53,Ahipara,NZ,2022-05-07 20:25:25,-35.1667,173.1667,56.86,84,28,3.6
54,Butaritari,KI,2022-05-07 20:24:41,3.0707,172.7902,81.5,79,100,15.73
55,Tomatlan,MX,2022-05-07 20:25:25,19.9333,-105.25,89.01,43,0,12.73
56,Vaini,TO,2022-05-07 20:25:26,-21.2,-175.2,75.36,88,75,10.36
57,Hit,IQ,2022-05-07 20:25:26,33.6416,42.8251,69.46,31,2,3.62
58,Kodiak,US,2022-05-07 20:25:27,57.79,-152.4072,54.91,41,0,12.66
59,Dinghai,CN,2022-05-07 20:25:28,26.2847,119.7936,67.12,95,100,11.23
60,Vao,NC,2022-05-07 20:25:09,-22.6667,167.4833,73.74,63,71,19.46
61,Centralia,US,2022-05-07 20:23:36,46.7162,-122.9543,52.25,78,20,9.22
62,Cidreira,BR,2022-05-07 20:24:06,-30.1811,-50.2056,65.25,69,0,6.02
63,Dakar,SN,2022-05-07 20:25:18,14.6937,-17.4441,76.08,88,0,11.5
64,Harsud,IN,2022-05-07 20:25:29,22.1,76.7333,93.34,21,35,5.19
65,Mudgee,AU,2022-05-07 20:25:29,-32.5943,149.5871,34.63,93,0,4.61
66,Nuuk,GL,2022-05-07 20:25:30,64.1835,-51.7216,36.21,69,0,9.22
67,Beringovskiy,RU,2022-05-07 20:24:47,63.05,179.3167,32.67,86,99,7.36
68,Margate,GB,2022-05-07 20:25:23,51.3813,1.3862,52.11,91,5,5.01
69,Sistranda,NO,2022-05-07 20:25:31,63.7256,8.834,37.36,92,100,26.24
70,Kutum,SD,2022-05-07 20:25:32,14.2,24.6667,81.05,8,21,11.27
71,Narsaq,GL,2022-05-07 20:25:08,60.9167,-46.05,52.02,70,100,5.44
72,Mayo,US,2022-05-07 20:25:32,38.8876,-76.5119,52.21,93,100,11.5
73,Talnakh,RU,2022-05-07 20:25:33,69.4865,88.3972,7.5,81,4,13.53
74,Sibi,PK,2022-05-07 20:25:33,29.5448,67.8764,92.86,10,0,3.71
75,Carauari,BR,2022-05-07 20:25:34,-4.8828,-66.8958,78.69,84,84,3.56
76,Qaanaaq,GL,2022-05-07 20:25:34,77.484,-69.3632,19.76,79,100,1.05
77,Dera Ismail Khan,PK,2022-05-07 20:25:35,31.8327,70.9024,92.23,18,0,2.89
78,Ilulissat,GL,2022-05-07 20:25:35,69.2167,-51.1,28.42,54,0,5.75
79,Severo-Kurilsk,RU,2022-05-07 20:23:58,50.6789,156.125,39.85,91,100,4.21
80,Saysain,PH,2022-05-07 20:25:36,14.5611,120.3925,80.69,79,100,9.35
81,Broken Hill,AU,2022-05-07 20:24:24,-31.95,141.4333,48.51,78,0,7.11
82,Manzanillo,CU,2022-05-07 20:22:36,20.3433,-77.1167,89.74,48,10,9.33
83,Kedougou,SN,2022-05-07 20:25:37,12.5579,-12.1743,99.99,18,77,3.09
84,Yambio,SS,2022-05-07 20:25:37,4.5721,28.3955,71.2,89,63,1.3
85,Hobart,AU,2022-05-07 20:23:54,-42.8794,147.3294,51.66,81,75,12.66
86,Tuatapere,NZ,2022-05-07 20:25:38,-46.1333,167.6833,55.09,97,100,1.57
87,Leningradskiy,RU,2022-05-07 20:22:59,69.3833,178.4167,23.67,90,86,2.28
88,Ghanzi,BW,2022-05-07 20:25:39,-21.5667,21.7833,66.72,27,21,8.25
89,Kruisfontein,ZA,2022-05-07 20:25:39,-34.0033,24.7314,55.89,81,100,6.26
90,Hithadhoo,MV,2022-05-07 20:23:57,-0.6,73.0833,83.89,77,12,15.37
91,Port Elizabeth,ZA,2022-05-07 20:26:40,-33.918,25.5701,60.31,79,100,4.61
92,Tasiilaq,GL,2022-05-07 20:26:41,65.6145,-37.6368,32.16,70,97,5.95
93,Hasaki,JP,2022-05-07 20:26:41,35.7333,140.8333,61.2,90,44,14.09
94,Imeni Morozova,RU,2022-05-07 20:26:42,59.9757,31.0376,53.85,1,99,6.71
95,Kudahuvadhoo,MV,2022-05-07 20:26:42,2.6708,72.8944,83.89,78,100,12.97
96,Usinsk,RU,2022-05-07 20:26:43,65.9939,57.5281,35.69,100,100,12.19
97,Ancud,CL,2022-05-07 20:26:43,-41.8697,-73.8203,55.63,89,100,17.81
98,Ulagan,RU,2022-05-07 20:26:44,50.6321,87.9563,40.15,96,100,6.64
99,Gamba,GA,2022-05-07 20:26:44,-2.65,10.0,77.13,85,31,0.85
100,Vostok,RU,2022-05-07 20:26:45,46.4856,135.8833,31.32,97,100,3.24
101,Sakakah,SA,2022-05-07 20:26:45,29.9697,40.2064,65.77,22,1,3.69
102,Bathsheba,BB,2022-05-07 20:26:46,13.2167,-59.5167,83.01,74,40,10.36
103,Katsuura,JP,2022-05-07 20:26:46,35.1333,140.3,62.13,92,18,5.79
104,Khatanga,RU,2022-05-07 20:26:47,71.9667,102.5,-8.99,100,98,6.29
105,Richards Bay,ZA,2022-05-07 20:26:47,-28.783,32.0377,67.8,91,15,3.58
106,Peniche,PT,2022-05-07 20:26:48,39.3558,-9.3811,64.11,77,99,8.93
107,Bambous Virieux,MU,2022-05-07 20:26:49,-20.3428,57.7575,77.22,83,40,8.05
108,Penzance,GB,2022-05-07 20:26:49,50.1186,-5.5371,52.48,91,100,8.72
109,Mercedes,AR,2022-05-07 20:26:50,-34.6515,-59.4307,73.85,45,42,8.48
110,Batagay,RU,2022-05-07 20:26:48,67.6333,134.6333,13.62,86,82,2.53
111,Ribeira Grande,PT,2022-05-07 20:26:50,38.5167,-28.7,63.0,63,20,6.91
112,Saldanha,ZA,2022-05-07 20:26:51,-33.0117,17.9442,53.65,70,0,20.96
113,Halacho,MX,2022-05-07 20:26:51,20.4833,-90.0833,106.81,23,3,4.0
114,Warmbad,NA,2022-05-07 20:26:52,-28.45,18.7333,51.64,61,0,12.73
115,Pine Bluff,US,2022-05-07 20:26:52,34.2284,-92.0032,79.32,61,0,6.67
116,Urucara,BR,2022-05-07 20:26:53,-2.5364,-57.76,83.23,81,78,1.61
117,Amapa,BR,2022-05-07 20:26:53,1.0,-52.0,75.24,98,100,3.4
118,Pacific Grove,US,2022-05-07 20:26:54,36.6177,-121.9166,72.55,72,40,16.11
119,Thaba-Tseka,LS,2022-05-07 20:26:54,-29.522,28.6084,46.2,61,22,5.99
120,Mansehra,PK,2022-05-07 20:26:55,34.3333,73.2,69.69,35,0,5.75
121,Georgetown,MY,2022-05-07 20:26:55,5.4112,100.3354,85.95,92,20,8.05
122,Hailar,CN,2022-05-07 20:26:56,49.2,119.7,41.67,31,6,5.86
123,Dikson,RU,2022-05-07 20:26:56,73.5069,80.5464,7.03,96,100,8.68
124,Quthing,LS,2022-05-07 20:26:57,-30.4,27.7003,53.51,57,70,2.53
125,Nyimba,ZM,2022-05-07 20:26:58,-14.5566,30.8149,67.95,73,17,3.42
126,Nishihara,JP,2022-05-07 20:26:58,26.1842,127.7558,75.25,97,100,11.5
127,Dores Do Indaia,BR,2022-05-07 20:26:59,-19.4633,-45.6017,76.98,52,92,4.88
128,Thinadhoo,MV,2022-05-07 20:26:59,0.5333,72.9333,84.0,77,66,16.2
129,Lebu,CL,2022-05-07 20:27:00,-37.6167,-73.65,57.99,75,6,6.53
130,Saint George,US,2022-05-07 20:22:36,37.1041,-113.5841,90.79,15,0,21.85
131,Castro,BR,2022-05-07 20:27:01,-24.7911,-50.0119,61.41,65,72,3.36
132,Belaya Gora,RU,2022-05-07 20:27:01,68.5333,146.4167,18.23,91,100,11.45
133,Airai,TL,2022-05-07 20:27:02,-8.9266,125.4092,60.26,96,53,4.72
134,Pundaguitan,PH,2022-05-07 20:25:33,6.3711,126.1689,81.09,82,100,14.5
135,Tizapan El Alto,MX,2022-05-07 20:28:03,20.1667,-103.0667,91.45,21,2,4.38
136,Abha,SA,2022-05-07 20:28:03,18.2164,42.5053,64.65,72,0,4.61
137,Argelia,CO,2022-05-07 20:28:04,2.2556,-77.2488,75.4,83,43,1.28
138,Iqaluit,CA,2022-05-07 20:28:04,63.7506,-68.5145,29.93,46,75,12.66
139,Gat,IL,2022-05-07 20:28:05,31.61,34.7642,63.39,100,47,4.63
140,Mongoumba,CF,2022-05-07 20:28:05,3.6415,18.5936,72.95,82,64,1.68
141,Meulaboh,ID,2022-05-07 20:24:48,4.1363,96.1285,76.77,90,100,6.08
142,Bluff,NZ,2022-05-07 20:23:42,-46.6,168.3333,57.79,98,100,5.21
143,Vila Velha,BR,2022-05-07 20:25:41,-20.3297,-40.2925,76.95,73,20,12.66
144,Puerto Ayacucho,VE,2022-05-07 20:28:07,5.6639,-67.6236,77.79,85,99,5.75
145,Komatsu,JP,2022-05-07 20:28:07,36.4026,136.4509,52.72,76,20,10.36
146,Vila Franca Do Campo,PT,2022-05-07 20:28:08,37.7167,-25.4333,64.81,91,93,1.19
147,Najran,SA,2022-05-07 20:28:08,17.4924,44.1277,81.25,39,39,9.28
148,Theog,IN,2022-05-07 20:28:09,31.1167,77.35,56.16,49,4,5.19
149,Ucluelet,CA,2022-05-07 20:28:09,48.9329,-125.5528,52.11,74,100,3.0
150,Klaksvik,FO,2022-05-07 20:28:10,62.2266,-6.589,45.52,72,100,5.73
151,Alvand,IR,2022-05-07 20:28:10,36.3187,49.1678,46.92,51,36,2.82
152,Pevek,RU,2022-05-07 20:26:53,69.7008,170.3133,25.61,90,100,5.14
153,Avarua,CK,2022-05-07 20:28:11,-21.2078,-159.775,82.45,78,40,8.05
154,Hofn,IS,2022-05-07 20:28:11,64.2539,-15.2082,44.1,77,10,11.74
155,Sovetskiy,RU,2022-05-07 20:28:12,61.3614,63.5842,37.08,96,98,4.81
156,Olafsvik,IS,2022-05-07 20:28:12,64.8945,-23.7142,43.86,84,100,14.72
157,Atuona,PF,2022-05-07 20:28:13,-9.8,-139.0333,78.4,73,19,16.2
158,Kota Kinabalu,MY,2022-05-07 20:27:54,5.9749,116.0724,76.98,94,20,1.99
159,Puerto Escondido,MX,2022-05-07 20:26:23,15.85,-97.0667,86.83,66,75,9.22
160,Hamilton,US,2022-05-07 20:23:55,39.1834,-84.5333,62.69,74,100,16.11
161,Port Blair,IN,2022-05-07 20:28:14,11.6667,92.75,82.44,78,75,8.05
162,Angoche,MZ,2022-05-07 20:28:14,-16.2325,39.9086,73.81,81,25,5.48
163,Tiksi,RU,2022-05-07 20:28:15,71.6872,128.8694,6.15,96,13,7.16
164,Chapais,CA,2022-05-07 20:28:16,49.7834,-74.8492,47.98,37,15,3.51
165,Skoghall,SE,2022-05-07 20:28:16,59.3232,13.4655,43.36,87,38,1.14
166,Maridi,SS,2022-05-07 20:28:17,4.9158,29.4742,70.14,86,97,1.57
167,Chokurdakh,RU,2022-05-07 20:28:15,70.6333,147.9167,14.14,95,98,9.93
168,Yazoo City,US,2022-05-07 20:28:17,32.8551,-90.4056,80.71,51,0,9.28
169,Ponta Delgada,PT,2022-05-07 20:24:16,37.7333,-25.6667,65.12,88,20,4.61
170,Isangel,VU,2022-05-07 20:28:18,-19.55,169.2667,74.98,64,15,17.63
171,Nanortalik,GL,2022-05-07 20:28:10,60.1432,-45.2371,39.9,74,100,5.55
172,Coihaique,CL,2022-05-07 20:27:02,-45.5752,-72.0662,56.01,94,100,4.61
173,Kadoma,JP,2022-05-07 20:28:19,34.7333,135.5833,60.78,63,100,10.36
174,Luderitz,NA,2022-05-07 20:24:50,-26.6481,15.1594,57.18,72,0,21.63
175,Bull Savanna,JM,2022-05-07 20:28:20,17.8868,-77.5902,81.18,68,24,14.25
176,Inongo,CD,2022-05-07 20:28:20,-1.95,18.2667,73.04,92,100,4.61
177,Zelenogorskiy,RU,2022-05-07 20:28:21,55.0333,87.0,32.41,46,30,8.23
178,Maxixe,MZ,2022-05-07 20:28:21,-23.8597,35.3472,70.03,84,0,4.5
179,Nushki,PK,2022-05-07 20:28:22,29.5542,66.0215,83.23,11,0,4.03
180,San Patricio,US,2022-05-07 20:29:22,28.017,-97.5169,99.32,38,0,14.88
181,Malanje,AO,2022-05-07 20:29:23,-9.5402,16.341,67.46,76,10,2.33
182,Codrington,AU,2022-05-07 20:29:23,-38.2667,141.9667,53.38,83,73,8.59
183,Lexington,US,2022-05-07 20:28:43,37.9887,-84.4777,56.52,88,100,10.36
184,Silver City,US,2022-05-07 20:29:24,32.7701,-108.2803,85.91,8,0,25.32
185,Teahupoo,PF,2022-05-07 20:29:25,-17.8333,-149.2667,76.96,77,8,1.72
186,Alice Town,BS,2022-05-07 20:29:25,25.7167,-79.3,81.66,74,3,19.55
187,Salcininkai,LT,2022-05-07 20:29:26,54.3,25.3833,57.29,83,96,5.41
188,Carmen,MX,2022-05-07 20:29:26,18.6333,-91.8333,95.04,59,0,11.5
189,Pouebo,NC,2022-05-07 20:29:27,-20.4,164.5667,73.06,79,58,15.41
190,Buchanan,LR,2022-05-07 20:29:27,5.8808,-10.0467,80.42,85,86,9.78
191,Novyy Karachay,RU,2022-05-07 20:29:28,43.8208,41.9032,40.91,98,100,1.45
192,Kinkala,CG,2022-05-07 20:29:28,-4.3614,14.7644,72.52,94,100,2.77
193,Hay River,CA,2022-05-07 20:29:29,60.8156,-115.7999,33.78,100,100,16.11
194,Alofi,NU,2022-05-07 20:29:29,-19.0595,-169.9187,76.89,94,75,10.36
195,Rabo De Peixe,PT,2022-05-07 20:29:30,37.8,-25.5833,63.91,88,20,4.61
196,Anajatuba,BR,2022-05-07 20:29:30,-3.2644,-44.6197,78.94,91,100,2.33
197,Saint-Joseph,RE,2022-05-07 20:29:31,-21.3667,55.6167,71.98,79,28,10.27
198,Glyadyanskoye,RU,2022-05-07 20:29:31,54.9075,65.0883,43.45,41,4,7.76
199,Constitucion,CL,2022-05-07 20:29:32,-35.3333,-72.4167,60.76,65,3,13.09
200,Ariquemes,BR,2022-05-07 20:29:32,-9.9133,-63.0408,86.41,60,18,4.92
201,Saint-Augustin,CA,2022-05-07 20:29:33,51.226,-58.6502,41.52,44,100,15.01
202,George,ZA,2022-05-07 20:29:33,-33.963,22.4617,54.95,94,100,5.75
203,Sorland,NO,2022-05-07 20:29:34,67.667,12.6934,37.36,58,95,23.98
204,Moose Factory,CA,2022-05-07 20:29:34,51.2585,-80.6094,50.0,43,0,16.11
205,Salinas,US,2022-05-07 20:29:35,36.6777,-121.6555,74.98,61,20,16.11
206,Hanzhong,CN,2022-05-07 20:29:35,33.0728,107.0303,62.76,79,2,3.76
207,Shelton,US,2022-05-07 20:27:32,41.3165,-73.0932,53.87,62,100,18.41
208,Zhigalovo,RU,2022-05-07 20:29:36,54.8097,105.1578,49.75,68,100,9.84
209,Mahebourg,MU,2022-05-07 20:29:37,-20.4081,57.7,77.25,83,40,8.05
210,Tandil,AR,2022-05-07 20:29:37,-37.3217,-59.1332,67.68,60,5,12.37
211,Lata,PT,2022-05-07 20:29:38,40.1629,-8.3327,61.86,62,100,1.95
212,Porto Empedocle,IT,2022-05-07 20:29:38,37.2934,13.5264,58.32,92,75,3.51
213,Ambon,ID,2022-05-07 20:29:39,-3.6954,128.1814,77.14,100,40,3.44
214,Havelock,US,2022-05-07 20:28:41,34.8791,-76.9013,78.94,72,75,11.5
215,Sao Filipe,CV,2022-05-07 20:29:39,14.8961,-24.4956,73.71,79,44,16.89
216,Conde,BR,2022-05-07 20:29:40,-7.2597,-34.9075,74.66,94,75,6.91
217,Umm Kaddadah,SD,2022-05-07 20:29:40,13.6017,26.6876,83.01,10,22,13.56
218,Ust-Nera,RU,2022-05-07 20:29:41,64.5667,143.2,24.71,94,100,2.95
219,Onega,RU,2022-05-07 20:29:41,63.9061,38.1404,48.29,79,2,11.72
220,Garowe,SO,2022-05-07 20:29:42,8.4054,48.4845,83.95,61,84,13.96
221,Nador,MA,2022-05-07 20:29:42,35.174,-2.9287,66.45,77,0,2.3
222,Chengde,CN,2022-05-07 20:29:43,40.9725,117.9361,41.0,90,100,2.21
223,Westport,US,2022-05-07 20:29:43,41.1415,-73.3579,52.45,79,100,18.41
224,Manakara,MG,2022-05-07 20:29:44,-22.1333,48.0167,72.82,94,34,6.89
225,Tigil,RU,2022-05-07 20:29:44,57.8,158.6667,32.43,81,100,23.44
226,Amuntai,ID,2022-05-07 20:29:45,-2.4177,115.2494,74.12,99,100,1.05
227,Sambava,MG,2022-05-07 20:30:45,-14.2667,50.1667,75.52,86,18,6.8
228,Qaqortoq,GL,2022-05-07 20:29:13,60.7167,-46.0333,44.62,58,100,4.38
229,Zeya,RU,2022-05-07 20:30:46,53.75,127.2667,35.87,58,6,2.15
230,Ponta Do Sol,PT,2022-05-07 20:30:17,32.6667,-17.1,65.12,70,42,7.2
231,Haverfordwest,GB,2022-05-07 20:30:47,51.8017,-4.9691,56.79,87,100,6.13
232,Grants Pass,US,2022-05-07 20:27:07,42.439,-123.3284,54.19,75,75,5.75
233,La Ronge,CA,2022-05-07 20:30:47,55.1001,-105.2842,61.05,39,100,8.05
234,Hovd,MN,2022-05-07 20:30:48,48.0056,91.6419,58.93,32,98,11.1
235,Sitka,US,2022-05-07 20:28:37,57.0531,-135.33,48.09,66,40,10.36
236,Sorkjosen,NO,2022-05-07 20:30:49,69.8,20.9333,35.6,69,100,13.8
237,Hami,CN,2022-05-07 20:30:49,42.8,93.45,70.52,30,30,8.43
238,Turner,US,2022-05-07 20:30:50,44.2565,-70.2562,58.37,30,100,5.01
239,Uspenka,UA,2022-05-07 20:30:50,48.3903,39.1619,44.78,56,51,3.6
240,Saint-Philippe,RE,2022-05-07 20:29:16,-21.3585,55.7679,72.99,84,27,10.98
241,Bonthe,SL,2022-05-07 20:30:51,7.5264,-12.505,80.47,85,69,8.25
242,Severobaykalsk,RU,2022-05-07 20:30:51,55.65,109.3167,33.69,72,100,3.2
243,Nome,US,2022-05-07 20:28:18,64.5011,-165.4064,32.16,93,100,17.27
244,Lavrentiya,RU,2022-05-07 20:30:52,65.5833,-171.0,30.61,88,73,7.18
245,Kamenka,RU,2022-05-07 20:30:53,51.3223,42.7678,43.61,53,0,6.69
246,Coolum Beach,AU,2022-05-07 20:30:53,-26.5333,153.1,66.34,91,100,9.62
247,Te Anau,NZ,2022-05-07 20:30:54,-45.4167,167.7167,57.33,94,100,2.68
248,Kavaratti,IN,2022-05-07 20:30:54,10.5669,72.642,84.34,71,34,9.93
249,Baruun-Urt,MN,2022-05-07 20:30:55,46.6806,113.2792,36.46,42,0,3.29
250,Roebourne,AU,2022-05-07 20:30:55,-20.7833,117.1333,75.13,62,43,9.62
251,Oyama,JP,2022-05-07 20:30:56,36.3,139.8,65.59,63,98,4.23
252,Katakwi,UG,2022-05-07 20:30:56,1.8911,33.9661,67.53,85,95,3.71
253,Bengkulu,ID,2022-05-07 20:29:06,-3.8004,102.2655,76.73,84,100,0.83
254,Gornoye Loo,RU,2022-05-07 20:30:57,43.7129,39.6049,51.58,92,100,3.06
255,Clyde River,CA,2022-05-07 20:27:52,70.4692,-68.5914,21.43,79,75,4.61
256,Makokou,GA,2022-05-07 20:30:58,0.5738,12.8642,69.55,99,100,1.74
257,Rawson,AR,2022-05-07 20:30:58,-43.3002,-65.1023,74.14,34,29,7.67
258,Port Said,EG,2022-05-07 20:26:33,31.2565,32.2841,67.98,68,0,4.61
259,Mindelo,CV,2022-05-07 20:30:59,16.8901,-24.9804,72.95,64,75,24.16
260,Torbay,CA,2022-05-07 20:31:00,47.6666,-52.7314,42.58,61,75,18.41
261,Igrim,RU,2022-05-07 20:31:00,63.1906,64.4162,35.33,99,100,3.71
262,Nikolskoye,RU,2022-05-07 20:28:13,59.7035,30.7861,53.71,87,100,3.04
263,Cherskiy,RU,2022-05-07 20:31:01,68.75,161.3,29.71,96,100,4.94
264,Bara,NG,2022-05-07 20:31:02,10.3744,10.7288,88.48,44,91,11.23
265,Kaduna,NG,2022-05-07 20:31:02,10.5222,7.4383,80.04,51,100,6.85
266,Rio Gallegos,AR,2022-05-07 20:31:03,-51.6226,-69.2181,53.65,47,0,20.71
267,Namatanai,PG,2022-05-07 20:31:04,-3.6667,152.4333,81.1,80,51,8.66
268,Terrace,CA,2022-05-07 20:27:01,54.5163,-128.6035,49.91,53,100,2.3
269,Iwaki,JP,2022-05-07 20:26:24,37.05,140.8833,58.01,59,100,5.99
270,Guerrero Negro,MX,2022-05-07 20:32:04,27.9769,-114.0611,69.75,60,10,16.67
271,Sann,PK,2022-05-07 20:32:05,26.0418,68.1378,87.71,30,0,11.83
272,Peterhead,GB,2022-05-07 20:32:04,57.5058,-1.7981,46.45,79,22,6.51
273,Vardo,NO,2022-05-07 20:31:21,70.3705,31.1107,36.25,75,37,28.07
274,Le Port,RE,2022-05-07 20:32:06,-20.9373,55.2919,73.4,76,9,10.02
275,Roald,NO,2022-05-07 20:32:06,62.5833,6.1333,42.33,87,100,20.71
276,Orasje,BA,2022-05-07 20:32:07,45.0356,18.6933,60.3,59,100,3.29
277,Namibe,AO,2022-05-07 20:32:07,-15.1961,12.1522,73.06,69,1,1.79
278,Berlevag,NO,2022-05-07 20:32:08,70.8578,29.0864,37.2,90,90,30.36
279,Seymchan,RU,2022-05-07 20:32:08,62.8833,152.4333,33.46,86,100,6.82
280,Huangyan,CN,2022-05-07 20:32:09,28.6478,121.2594,70.99,97,100,2.13
281,San Andres,CO,2022-05-07 20:32:10,12.5847,-81.7006,86.02,74,40,10.36
282,Kosh-Agach,RU,2022-05-07 20:32:10,50.0,88.6667,43.23,72,44,0.2
283,Saint Pete Beach,US,2022-05-07 20:32:11,27.7253,-82.7412,85.24,68,20,13.8
284,Dhone,IN,2022-05-07 20:32:11,15.4167,77.8833,89.15,40,96,7.31
285,Huarmey,PE,2022-05-07 20:27:54,-10.0681,-78.1522,70.77,77,15,11.95
286,Tura,IN,2022-05-07 20:32:12,25.5198,90.2201,72.48,78,0,2.93
287,Morgan City,US,2022-05-07 20:32:12,29.6994,-91.2068,89.01,53,40,9.93
288,Mayahi,NE,2022-05-07 20:32:13,13.9553,7.6712,93.43,28,99,7.05
289,Mount Gambier,AU,2022-05-07 20:32:13,-37.8333,140.7667,49.91,81,100,4.61
290,Morada Nova,BR,2022-05-07 20:32:14,-5.1067,-38.3725,77.99,83,92,8.23
291,Salalah,OM,2022-05-07 20:32:14,17.0151,54.0924,84.29,79,20,5.75
292,Longyearbyen,SJ,2022-05-07 20:27:56,78.2186,15.6401,12.04,57,40,14.97
293,Hilo,US,2022-05-07 20:32:15,19.7297,-155.09,89.28,75,100,6.91
294,Dhidhdhoo,MV,2022-05-07 20:32:16,6.8833,73.1,84.69,74,89,11.59
295,Sisimiut,GL,2022-05-07 20:31:00,66.9395,-53.6735,33.08,61,2,8.7
296,Mehran,IR,2022-05-07 20:32:16,33.1222,46.1646,70.68,25,41,5.93
297,Mar Del Plata,AR,2022-05-07 20:28:06,-38.0023,-57.5575,71.62,65,0,20.71
298,Miraflores,MX,2022-05-07 20:32:17,19.2167,-98.8083,83.16,22,45,2.1
299,Monroe,US,2022-05-07 20:27:58,43.1501,-77.6831,58.66,38,75,16.11
300,Waris Aliganj,IN,2022-05-07 20:32:18,25.0167,85.6333,85.64,45,3,5.14
301,Alice Springs,AU,2022-05-07 20:32:18,-23.7,133.8833,35.15,75,0,0.0
302,Kyshtovka,RU,2022-05-07 20:32:19,56.555,76.6271,31.42,49,14,4.47
303,Argenta,IT,2022-05-07 20:32:19,44.6124,11.8356,62.53,85,100,5.28
304,Ca Mau,VN,2022-05-07 20:32:20,9.1769,105.15,79.68,86,75,6.35
305,Kumbo,CM,2022-05-07 20:32:20,6.2,10.6667,61.83,91,100,1.79
306,Beidao,CN,2022-05-07 20:32:21,34.5686,105.8933,61.21,80,63,3.71
307,Farafangana,MG,2022-05-07 20:32:21,-22.8167,47.8333,72.82,93,29,7.07
308,San Alberto,CO,2022-05-07 20:32:22,7.7611,-73.3922,83.8,80,80,3.06
309,Penha,BR,2022-05-07 20:32:22,-26.7694,-48.6458,71.47,60,20,4.61
310,Ilebo,CD,2022-05-07 20:32:23,-4.3167,20.5833,70.29,99,100,0.49
311,Minab,IR,2022-05-07 20:32:23,27.1467,57.0801,79.12,65,0,0.0
312,Tevaitoa,PF,2022-05-07 20:32:24,-16.7833,-151.5,81.34,76,2,7.16
313,Katobu,ID,2022-05-07 20:32:24,-4.9408,122.5276,76.23,92,100,5.14
314,Sydney Mines,CA,2022-05-07 20:32:25,46.2367,-60.2177,46.0,66,20,18.01
315,Gojra,PK,2022-05-07 20:32:25,31.1487,72.6866,89.56,16,0,3.74
316,Praia,CV,2022-05-07 20:30:17,14.9215,-23.5087,73.94,68,75,24.16
317,Lompoc,US,2022-05-07 20:27:29,34.6391,-120.4579,76.69,63,0,26.46
318,Goderich,CA,2022-05-07 20:31:48,43.7501,-81.7165,53.92,58,8,14.97
319,Gramesti,RO,2022-05-07 20:32:27,47.9167,26.15,58.55,79,91,3.27
320,Myre,NO,2022-05-07 20:33:27,69.1036,15.9492,35.55,63,100,25.19
321,Lowestoft,GB,2022-05-07 20:32:05,52.4752,1.7516,51.35,87,4,11.92
322,Marsh Harbour,BS,2022-05-07 20:33:28,26.5412,-77.0636,81.12,67,7,16.46
323,Eregli,TR,2022-05-07 20:33:28,37.5133,34.0467,48.83,68,92,4.16
324,Inverness,GB,2022-05-07 20:33:29,57.4791,-4.224,50.85,81,20,6.91
325,Dingle,PH,2022-05-07 20:33:29,10.9995,122.6711,77.81,88,11,8.32
326,Hirara,JP,2022-05-07 20:29:30,24.8,125.2833,77.79,81,63,3.04
327,Lock Haven,US,2022-05-07 20:31:56,41.137,-77.4469,51.91,83,100,7.43
328,Fortuna,US,2022-05-07 20:33:30,40.5982,-124.1573,55.98,88,75,13.8
329,Comodoro Rivadavia,AR,2022-05-07 20:33:31,-45.8667,-67.5,71.46,43,0,14.97
330,Concepcion De Guasistagua,HN,2022-05-07 20:33:31,14.6,-87.65,88.25,53,85,0.49
331,Cockburn Town,TC,2022-05-07 20:33:32,21.4612,-71.1419,79.32,76,68,6.85
332,Tingo Maria,PE,2022-05-07 20:33:32,-9.2895,-76.0088,88.11,58,20,5.75
333,Nieuw Amsterdam,SR,2022-05-07 20:33:33,5.8833,-55.0833,81.14,82,40,9.22
334,Norman Wells,CA,2022-05-07 20:33:33,65.282,-126.8329,42.84,61,100,5.75
335,Champerico,GT,2022-05-07 20:33:34,14.3,-91.9167,95.54,68,99,9.1
336,Las Vegas,US,2022-05-07 20:31:36,36.175,-115.1372,94.26,16,0,16.11
337,Adamovka,RU,2022-05-07 20:33:34,51.5223,59.9396,42.24,42,66,8.41
338,San Carlos De Bariloche,AR,2022-05-07 20:32:13,-41.1456,-71.3082,60.55,51,75,28.77
339,Billings,US,2022-05-07 20:30:50,45.7833,-108.5007,62.37,28,40,31.07
340,Salym,RU,2022-05-07 20:32:20,60.0625,71.4789,32.65,99,100,5.21
341,Barrow,US,2022-05-07 20:33:36,71.2906,-156.7887,21.22,93,100,10.36
342,Gisborne,NZ,2022-05-07 20:33:36,-38.6533,178.0042,55.4,74,30,5.53
343,Rosetta,EG,2022-05-07 20:33:37,31.4044,30.4164,64.18,68,92,4.41
344,Ongole,IN,2022-05-07 20:33:37,15.5,80.05,85.86,68,99,5.21
345,Hobyo,SO,2022-05-07 20:33:38,5.3505,48.5268,82.78,81,20,21.3
346,Samsun,TR,2022-05-07 20:33:38,41.25,36.3333,54.48,72,75,13.8
347,Port Maria,JM,2022-05-07 20:33:39,18.3685,-76.8895,84.16,87,28,6.67
348,Mushie,CD,2022-05-07 20:33:39,-3.0167,16.9,72.77,95,100,1.43
349,Nioro,GM,2022-05-07 20:33:40,13.35,-15.75,85.68,36,8,11.1
350,Zharkent,KZ,2022-05-07 20:33:40,44.1628,80.0,65.19,62,15,4.27
351,Szentes,HU,2022-05-07 20:33:41,46.65,20.2667,61.16,96,100,1.57
352,Pisco,PE,2022-05-07 20:33:41,-13.7,-76.2167,69.85,73,0,12.66
353,Cap-Aux-Meules,CA,2022-05-07 20:33:42,47.3821,-61.8597,37.45,60,0,16.11
354,Bandarbeyla,SO,2022-05-07 20:33:42,9.4942,50.8122,82.13,89,40,8.84
355,Geraldton,AU,2022-05-07 20:33:43,-28.7667,114.6,55.81,82,9,6.91
356,Tampakan,PH,2022-05-07 20:33:43,6.4442,124.9264,75.45,94,100,1.77
357,Ust-Tsilma,RU,2022-05-07 20:33:44,65.441,52.1498,38.5,93,78,6.26
358,San Lawrenz,MT,2022-05-07 20:33:44,36.0553,14.204,62.85,85,73,1.99
359,Nizwa,OM,2022-05-07 20:33:45,22.9333,57.5333,80.62,36,0,3.62
360,Balykshi,KZ,2022-05-07 20:33:45,47.0667,51.8667,53.6,82,75,13.42
361,Haines Junction,CA,2022-05-07 20:29:40,60.7522,-137.5108,35.55,93,100,3.44
362,Atar,MR,2022-05-07 20:33:46,20.5169,-13.0499,92.5,10,6,7.07
363,Songling,CN,2022-05-07 20:33:47,31.1933,120.7176,61.79,85,98,6.38
364,Jiuquan,CN,2022-05-07 20:33:47,39.7432,98.5174,54.68,29,98,3.74
365,Tefe,BR,2022-05-07 20:33:48,-3.3542,-64.7114,86.11,70,40,3.44
366,Kavieng,PG,2022-05-07 20:34:48,-2.5744,150.7967,82.74,75,66,16.91
367,Mathathane,BW,2022-05-07 20:34:49,-22.2687,28.7495,73.35,25,92,7.61
368,Ambulu,ID,2022-05-07 20:34:49,-8.345,113.6058,76.19,91,80,2.21
369,Maragogi,BR,2022-05-07 20:34:50,-9.0122,-35.2225,77.05,84,57,6.85
370,Chase,CA,2022-05-07 20:33:25,50.8165,-119.6857,60.33,52,72,0.45
371,Zhigansk,RU,2022-05-07 20:34:50,66.7697,123.3711,23.56,86,100,8.88
372,Bereda,ES,2022-05-07 20:34:51,43.2686,-7.5406,56.57,94,100,3.38
373,Chany,RU,2022-05-07 20:34:51,55.3121,76.7647,33.4,52,1,6.85
374,Charters Towers,AU,2022-05-07 20:34:52,-20.1,146.2667,68.58,92,100,10.38
375,Constantine,DZ,2022-05-07 20:30:37,36.365,6.6147,53.01,82,75,8.05
376,Half Moon Bay,US,2022-05-07 20:34:53,37.4636,-122.4286,70.21,67,20,23.02
377,Provideniya,RU,2022-05-07 20:34:53,64.3833,-173.3,32.99,88,100,7.07
378,Pontes E Lacerda,BR,2022-05-07 20:34:54,-15.2261,-59.3353,76.48,59,0,3.89
379,Pampierstad,ZA,2022-05-07 20:34:54,-27.7832,24.6877,55.85,73,83,11.7
380,Salaga,GH,2022-05-07 20:34:55,8.5508,-0.5188,83.71,51,91,4.07
381,Biloela,AU,2022-05-07 20:34:55,-24.4167,150.5,61.21,79,71,8.16
382,Terney,RU,2022-05-07 20:34:56,45.0503,136.6092,41.52,75,60,9.8
383,Hohhot,CN,2022-05-07 20:34:56,40.8106,111.6522,48.49,81,20,2.24
384,Kushtagi,IN,2022-05-07 20:34:57,15.7667,76.2,82.62,51,62,13.2
385,Bato,PH,2022-05-07 20:34:57,13.3528,123.3677,75.87,93,14,3.69
386,Adrar,MR,2022-05-07 20:34:58,20.5022,-10.0711,93.65,12,68,8.43
387,Les Cayes,HT,2022-05-07 20:34:58,18.2,-73.75,81.81,71,18,9.06
388,Esperance,AU,2022-05-07 20:34:59,-33.8667,121.9,51.64,48,98,18.32
389,Luganville,VU,2022-05-07 20:34:59,-15.5333,167.1667,79.18,79,53,16.35
390,Yarmouth,US,2022-05-07 20:35:00,41.7057,-70.2286,50.14,77,0,28.99
391,Port Augusta,AU,2022-05-07 20:35:01,-32.5,137.7667,50.54,65,0,3.8
392,Cayenne,GF,2022-05-07 20:30:06,4.9333,-52.3333,82.44,1,75,8.05
393,Balagansk,RU,2022-05-07 20:35:01,54.0103,103.0544,49.12,60,96,12.44
394,Touros,BR,2022-05-07 20:35:02,-5.1989,-35.4608,76.37,87,100,10.85
395,Srednekolymsk,RU,2022-05-07 20:35:02,67.45,153.6833,23.61,91,99,9.22
396,Palauig,PH,2022-05-07 20:35:03,15.435,119.9045,81.5,71,100,5.66
397,Cairns,AU,2022-05-07 20:32:19,-16.9167,145.7667,76.95,91,75,10.36
398,Porto Walter,BR,2022-05-07 20:35:04,-8.2686,-72.7439,86.29,57,43,1.54
399,Pauini,BR,2022-05-07 20:35:04,-7.7136,-66.9764,76.6,90,100,1.45
400,Moree,AU,2022-05-07 20:35:05,-29.4667,149.85,42.82,87,60,5.75
401,Tiznit,MA,2022-05-07 20:35:05,29.5833,-9.5,77.31,20,61,1.52
402,Mehamn,NO,2022-05-07 20:33:51,71.0357,27.8492,36.25,96,99,23.09
403,Bubaque,GW,2022-05-07 20:35:06,11.2833,-15.8333,77.29,76,4,16.58
404,Boyolangu,ID,2022-05-07 20:35:06,-8.1181,111.8935,76.12,93,62,0.31
405,Wajid,SO,2022-05-07 20:35:07,3.8093,43.2471,78.26,73,73,13.49
406,Acapulco,MX,2022-05-07 20:31:45,16.8634,-99.8901,85.82,66,100,10.36
407,Henties Bay,NA,2022-05-07 20:35:08,-22.116,14.2845,57.65,87,0,12.53
408,Socoltenango,MX,2022-05-07 20:35:08,16.2167,-92.25,84.4,36,11,7.85
409,Kuching,MY,2022-05-07 20:35:09,1.55,110.3333,77.22,100,40,0.0
410,Huasahuasi,PE,2022-05-07 20:35:09,-11.3167,-75.6167,48.65,68,69,8.12
411,Portland,US,2022-05-07 20:35:04,45.5234,-122.6762,55.83,78,100,9.22
412,Emerald,AU,2022-05-07 20:36:10,-23.5333,148.1667,57.34,82,100,12.66
413,Tokur,RU,2022-05-07 20:36:10,53.1333,132.9,24.87,87,16,1.48
414,Coos Bay,US,2022-05-07 20:36:08,43.3665,-124.2179,56.32,79,40,13.8
415,Evensk,RU,2022-05-07 20:36:11,61.95,159.2333,31.69,99,100,11.43
416,Jacksonville,US,2022-05-07 20:36:12,30.3322,-81.6556,88.09,39,40,25.32
417,Sananduva,BR,2022-05-07 20:36:12,-27.9497,-51.8067,57.61,87,4,4.12
418,Bintulu,MY,2022-05-07 20:36:13,3.1667,113.0333,77.41,94,40,2.3
419,Kalachinsk,RU,2022-05-07 20:36:13,55.0529,74.5751,36.3,46,1,6.71
420,West Bay,KY,2022-05-07 20:36:14,19.3667,-81.4167,86.07,70,20,10.36
421,Los Llanos De Aridane,ES,2022-05-07 20:34:11,28.6585,-17.9182,65.95,89,20,12.66
422,East London,ZA,2022-05-07 20:35:30,-33.0153,27.9116,63.81,87,100,15.26
423,Foz,ES,2022-05-07 20:36:14,43.5692,-7.2544,54.66,96,100,3.36
424,San Francisco,US,2022-05-07 20:32:29,37.7749,-122.4194,71.31,66,40,23.02
425,Yerofey Pavlovich,RU,2022-05-07 20:36:15,53.9667,121.9667,35.06,62,2,2.06
426,Maceio,BR,2022-05-07 20:36:16,-9.6658,-35.7353,78.24,83,75,3.44
427,Amberieu-En-Bugey,FR,2022-05-07 20:36:16,45.9589,5.3432,65.66,89,100,5.55
428,Phon Thong,TH,2022-05-07 20:36:17,16.3016,103.9768,76.84,86,100,7.47
429,Vryburg,ZA,2022-05-07 20:36:17,-26.9566,24.7284,60.21,49,53,8.48
430,Mountain Home,US,2022-05-07 20:34:11,43.133,-115.6912,51.28,50,100,25.32
431,Maun,BW,2022-05-07 20:36:18,-19.9833,23.4167,62.56,59,0,4.61
432,Ovsyanka,RU,2022-05-07 20:36:18,55.9575,92.5519,40.23,54,74,15.03
433,Shelburne,CA,2022-05-07 20:36:19,44.0787,-80.2041,58.3,31,6,11.05
434,Belogorsk,RU,2022-05-07 20:36:19,50.9158,128.4611,37.51,44,1,5.57
435,Pierre,US,2022-05-07 20:36:20,44.3683,-100.351,78.85,47,0,24.16
436,Lensk,RU,2022-05-07 20:33:14,60.7253,114.9278,43.43,88,100,13.69
437,Imeni Poliny Osipenko,RU,2022-05-07 20:36:21,52.4201,136.4853,33.17,84,4,5.08
438,Cabo Rojo,PR,2022-05-07 20:35:24,18.0866,-67.1457,86.05,73,19,5.99
439,Grindavik,IS,2022-05-07 20:36:21,63.8424,-22.4338,46.35,81,75,27.63
440,Kropotkin,RU,2022-05-07 20:32:57,45.4375,40.5756,45.86,63,98,6.98
441,Novikovo,RU,2022-05-07 20:36:22,51.1537,37.8879,46.8,64,92,4.43
442,Pula,HR,2022-05-07 20:36:23,44.8683,13.8481,61.36,72,0,6.91
443,Tuscaloosa,US,2022-05-07 20:33:49,33.2098,-87.5692,79.56,43,20,12.66
444,Port Lincoln,AU,2022-05-07 20:35:42,-34.7333,135.8667,55.35,80,1,2.71
445,Marzuq,YE,2022-05-07 20:36:23,14.4,46.4667,75.61,38,92,6.22
446,North Bend,US,2022-05-07 20:36:24,43.4065,-124.2243,56.25,78,40,13.8
447,Samana,DO,2022-05-07 20:36:24,19.2056,-69.3369,88.02,74,20,9.22
448,Beloha,MG,2022-05-07 20:36:25,-25.1667,45.05,69.62,85,39,2.21
449,Stawell,AU,2022-05-07 20:36:25,-37.05,142.7667,44.37,91,28,1.32
450,Vitim,RU,2022-05-07 20:32:45,59.4511,112.5578,43.54,90,100,12.06
451,Kupang,ID,2022-05-07 20:36:26,-10.1667,123.5833,79.21,82,36,14.12
452,Praia Da Vitoria,PT,2022-05-07 20:36:27,38.7333,-27.0667,63.75,82,75,2.75
453,Ewa Beach,US,2022-05-07 20:35:17,21.3156,-158.0072,82.35,60,20,16.11
454,Elhovo,BG,2022-05-07 20:36:27,42.1667,26.5667,46.81,86,33,3.22
455,Banda Aceh,ID,2022-05-07 20:36:28,5.5577,95.3222,79.72,80,100,7.02
456,Bandiagara,ML,2022-05-07 20:36:28,14.3501,-3.6104,95.54,16,83,6.33
457,Pangnirtung,CA,2022-05-07 20:32:39,66.1451,-65.7125,24.89,75,100,2.75
458,Lagoa,PT,2022-05-07 20:36:29,39.05,-27.9833,60.73,69,33,6.02
459,Goba,ET,2022-05-07 20:36:29,7.0167,39.9833,51.31,68,65,5.91
460,Sawakin,SD,2022-05-07 20:36:30,19.1059,37.3321,79.75,56,43,10.22
461,Pombas,CV,2022-05-07 20:36:30,17.1503,-25.0201,71.38,78,79,16.4
462,Krasnoselkup,RU,2022-05-07 20:37:31,65.7,82.4667,7.23,93,38,15.73
463,Iznik,TR,2022-05-07 20:37:31,40.4286,29.7211,53.35,84,2,4.12
464,Pitimbu,BR,2022-05-07 20:34:11,-7.4706,-34.8086,75.79,79,95,8.48
465,Dholka,IN,2022-05-07 20:37:32,22.7167,72.4667,93.58,39,0,7.83
466,Padang,ID,2022-05-07 20:37:33,-0.9492,100.3543,77.56,82,100,2.86
467,Venice,US,2022-05-07 20:35:56,27.0998,-82.4543,83.26,83,100,21.85
468,Myrtle Beach,US,2022-05-07 20:35:33,33.6891,-78.8867,79.99,54,40,14.97
469,Clarence Town,AU,2022-05-07 20:37:34,-32.5833,151.7833,50.86,78,2,4.45
470,Byron Bay,AU,2022-05-07 20:37:34,-28.65,153.6167,62.94,90,100,12.06
471,Fukue,JP,2022-05-07 20:37:35,32.6881,128.8419,63.28,85,100,17.78
472,Xingyi,CN,2022-05-07 20:37:35,24.1877,102.817,57.07,93,41,2.37
473,Faya,SA,2022-05-07 20:37:36,18.3851,42.4509,64.92,42,86,3.13
474,Wrexham,GB,2022-05-07 20:37:36,53.0,-3.0,56.95,87,52,4.03
475,Verkhoyansk,RU,2022-05-07 20:37:37,67.5447,133.385,16.16,83,93,2.86
476,Moindou,NC,2022-05-07 20:37:37,-21.6924,165.677,74.12,65,91,6.31
477,Nazret,ET,2022-05-07 20:37:38,8.55,39.2667,69.03,35,17,3.15
478,Puqi,CN,2022-05-07 20:37:38,29.7167,113.8833,70.3,82,96,1.63
479,Bulgan,MN,2022-05-07 20:37:39,48.8125,103.5347,45.82,64,0,3.47
480,Mlonggo,ID,2022-05-07 20:37:40,-6.5333,110.7,78.8,86,18,4.85
481,Harlingen,US,2022-05-07 20:37:40,26.1906,-97.6961,95.09,36,0,16.17
482,Bulungu,CD,2022-05-07 20:37:41,-4.55,18.6,70.5,96,100,2.06
483,Camacha,PT,2022-05-07 20:37:41,33.0833,-16.3333,60.22,77,20,10.36
484,Kidal,ML,2022-05-07 20:37:42,18.4411,1.4078,91.92,11,71,12.75
485,Zanjan,IR,2022-05-07 20:37:42,36.6736,48.4787,49.53,50,24,8.88
486,Morondava,MG,2022-05-07 20:37:43,-20.2833,44.2833,75.74,83,0,8.1
487,Makakilo City,US,2022-05-07 20:37:43,21.3469,-158.0858,80.92,60,20,16.11
488,Katete,UG,2022-05-07 20:37:44,-0.7818,29.7544,61.54,88,94,3.44
489,Encs,HU,2022-05-07 20:37:44,48.3333,21.1333,58.3,86,60,6.55
490,Linqiong,CN,2022-05-07 20:37:45,30.4159,103.4609,73.22,61,28,3.67
491,Tazovskiy,RU,2022-05-07 20:37:45,67.4667,78.7,-3.06,100,39,6.44
492,Anadyr,RU,2022-05-07 20:37:46,64.75,177.4833,32.5,74,0,13.42
493,Thunder Bay,CA,2022-05-07 20:34:11,48.4001,-89.3168,57.18,44,20,12.66
494,Kargasok,RU,2022-05-07 20:37:46,59.0556,80.8572,23.2,83,99,11.95
495,Yar-Sale,RU,2022-05-07 20:37:47,66.8333,70.8333,15.1,93,9,8.93
496,Edd,ER,2022-05-07 20:37:47,13.9297,41.6925,83.35,81,61,11.7
497,Mae Hong Son,TH,2022-05-07 20:37:48,19.3003,97.9685,75.33,93,100,1.3
498,Christchurch,NZ,2022-05-07 20:35:23,-43.5333,172.6333,56.41,80,74,2.3
499,Mungwi,ZM,2022-05-07 20:37:48,-10.1732,31.3694,60.06,84,57,4.52
500,Virginia Beach,US,2022-05-07 20:33:06,36.8529,-75.978,68.05,73,75,17.27
501,Ajdabiya,LY,2022-05-07 20:37:49,30.7554,20.2263,66.36,69,1,16.15
502,Yelan,RU,2022-05-07 20:35:21,50.949,43.7378,43.48,54,4,6.76
503,Raga,SS,2022-05-07 20:37:50,8.4596,25.678,78.26,59,100,4.45
504,Archidona,ES,2022-05-07 20:37:51,37.0965,-4.3887,58.91,72,22,4.03
505,La Asuncion,VE,2022-05-07 20:38:51,11.0333,-63.8628,81.0,76,64,12.01
506,Butte,US,2022-05-07 20:38:52,39.6499,-121.5677,73.29,36,0,8.05
507,Mogadouro,PT,2022-05-07 20:38:52,41.3403,-6.7119,59.45,35,83,2.98
508,Shebalino,RU,2022-05-07 20:38:53,51.2917,85.6772,35.89,74,100,5.01
509,Ishigaki,JP,2022-05-07 20:38:53,24.3448,124.1572,73.53,94,66,3.44
510,Kaihua,CN,2022-05-07 20:38:54,23.3687,104.28,61.5,98,60,4.85
511,Shingu,JP,2022-05-07 20:38:54,33.7333,135.9833,60.42,84,13,6.44
512,Kautokeino,NO,2022-05-07 20:38:55,69.0125,23.0412,30.42,64,97,23.11
513,Gubkinskiy,RU,2022-05-07 20:38:56,64.434,76.5026,4.12,97,15,6.22
514,Souillac,MU,2022-05-07 20:38:56,-20.5167,57.5167,75.58,83,40,8.05
515,Zafarwal,PK,2022-05-07 20:38:57,32.3463,74.8999,83.37,21,0,3.47
516,Keetmanshoop,NA,2022-05-07 20:38:57,-26.5833,18.1333,50.92,50,0,8.05
517,College,US,2022-05-07 20:38:58,64.8569,-147.8028,50.29,81,75,1.01
518,Carlisle,US,2022-05-07 20:38:22,40.2015,-77.1889,48.81,88,100,4.0
519,Atherton,GB,2022-05-07 20:38:59,53.5237,-2.4935,56.75,73,100,3.0
520,Ochamchira,GE,2022-05-07 20:38:59,42.7121,41.4721,53.28,89,100,5.28
521,Crotone,IT,2022-05-07 20:39:00,39.0851,17.1178,60.19,88,7,5.32
522,Oriximina,BR,2022-05-07 20:39:00,-1.7656,-55.8661,80.01,88,49,2.68
523,Quatre Cocos,MU,2022-05-07 20:39:01,-20.2078,57.7625,77.09,79,30,14.58
524,Mareeba,AU,2022-05-07 20:34:06,-17.0,145.4333,72.32,92,100,2.82
525,Killam,CA,2022-05-07 20:39:01,52.7834,-111.8518,55.35,33,58,11.5
526,Gushikawa,JP,2022-05-07 20:39:02,26.3544,127.8686,75.2,96,75,11.5
527,China,MX,2022-05-07 20:39:02,25.7,-99.2333,105.01,21,0,9.44
528,Krasnyy Kut,RU,2022-05-07 20:39:03,50.95,46.9667,45.72,51,63,8.08
529,Beruwala,LK,2022-05-07 20:39:03,6.4788,79.9828,81.66,85,100,7.74
530,Uray,RU,2022-05-07 20:39:04,60.1247,64.7758,39.96,92,77,6.64
531,San Antonio,US,2022-05-07 20:34:34,29.4241,-98.4936,102.9,36,0,12.66
532,Murgab,TM,2022-05-07 20:39:04,37.4966,61.9714,82.27,42,75,13.8
533,Ambanja,MG,2022-05-07 20:39:05,-13.6833,48.45,75.13,86,9,3.15
534,Dahuk,IQ,2022-05-07 20:39:05,36.8695,42.994,52.59,70,66,3.96
535,Seoul,KR,2022-05-07 20:39:06,37.5683,126.9778,60.37,37,0,8.05
536,Belyy Yar,RU,2022-05-07 20:39:06,53.6039,91.3903,44.49,53,0,13.42
537,Big Spring,US,2022-05-07 20:39:07,32.2504,-101.4787,102.65,4,0,20.71
538,Dudinka,RU,2022-05-07 20:39:08,69.4058,86.1778,7.14,96,80,11.5
539,Vanimo,PG,2022-05-07 20:39:08,-2.6741,141.3028,78.6,89,94,5.86
540,Turkistan,KZ,2022-05-07 20:39:09,43.0,68.0,76.55,31,7,10.74
541,Syriam,MM,2022-05-07 20:39:09,16.7722,96.2378,85.24,66,100,8.59
542,Barra Patuca,HN,2022-05-07 20:39:10,15.8,-84.2833,85.46,68,100,12.19
543,Risod,IN,2022-05-07 20:39:10,19.9667,76.7833,88.7,22,7,6.22
544,Yichun,CN,2022-05-07 20:39:11,47.7,128.9,32.81,85,0,3.18
545,Matagami,CA,2022-05-07 20:39:11,49.7502,-77.6328,51.91,20,0,5.75
546,Moussoro,TD,2022-05-07 20:39:12,13.6408,16.4901,94.6,14,52,2.82
547,Mandera,KE,2022-05-07 20:39:12,3.9366,41.867,82.35,64,100,12.24
548,Iguape,BR,2022-05-07 20:39:13,-24.7081,-47.5553,67.32,66,37,5.64
549,Ukiah,US,2022-05-07 20:39:13,39.1502,-123.2078,68.16,52,20,13.8
550,Asfi,MA,2022-05-07 20:39:14,32.2994,-9.2372,67.42,67,62,18.1
551,Manyana,BW,2022-05-07 20:39:14,-23.4,21.7167,63.05,32,88,6.26
552,Mlimba,TZ,2022-05-07 20:40:15,-8.8,35.8167,71.35,93,67,1.9
553,Moron,AR,2022-05-07 20:40:16,-34.6534,-58.6198,73.29,68,97,3.94
554,Santander Jimenez,MX,2022-05-07 20:40:16,24.2167,-98.4667,102.97,31,0,15.86
555,Turayf,SA,2022-05-07 20:40:17,31.6725,38.6637,61.05,51,0,11.5
556,Tual,ID,2022-05-07 20:40:17,-5.6667,132.75,85.32,75,23,19.39
557,Avera,US,2022-05-07 20:40:18,33.194,-82.5271,71.11,49,84,16.35
558,Axim,GH,2022-05-07 20:40:18,4.8699,-2.2405,81.28,81,89,6.49
559,Broome,US,2022-05-07 20:35:45,42.2506,-75.833,58.66,38,0,10.36
560,Kloulklubed,PW,2022-05-07 20:40:19,7.0419,134.2556,77.5,79,100,17.49
561,Barberton,ZA,2022-05-07 20:40:20,-25.7884,31.0532,59.09,50,74,2.19
562,Husavik,IS,2022-05-07 20:40:20,66.0449,-17.3389,40.28,73,100,2.86
563,Chernyshevskiy,RU,2022-05-07 20:40:21,63.0128,112.4714,39.09,88,100,14.29
